----Classes------------------------------------------------------------------------------------------------------------------------------------------------------------------------------------------------------------------------------------------------------------
insert into classes values('Bismarck',15,'Germany',8,42000,'bb');
insert into classes values('Iowa',16,'USA',9,46000,'bb');
insert into classes values('Kongo',14,'Japan',8,32000,'bc');
insert into classes values('North Carolina',16,'USA',12,37000,'bb');
insert into classes values('Renown',15,'Gt.Britain',6,32000,'bc');
insert into classes values('Revenge',15,'Gt.Britain',8,29000,'bb');
insert into classes values('Tennessee',14,'USA',12,32000,'bb');
insert into classes values('Yamato',18,'Japan',9,65000,'bb');




----Battles------------------------------------------------------------------------------------------------------------------------------------------------------------------------------------------------------------------------------------------------------------
insert into battles values('Guadalcanal','19421115 00:00:00.000');
insert into battles values('North Atlantic','19410525 00:00:00.000');
insert into battles values('North Cape','19431226 00:00:00.000');
insert into battles values('Surigao Strait','19441025 00:00:00.000');
insert into battles values ('#Cuba62a'   , '19621020');
insert into battles values ('#Cuba62b'   , '19621025');




----Ships------------------------------------------------------------------------------------------------------------------------------------------------------------------------------------------------------------------------------------------------------------
insert into ships values('California',1921,'Tennessee');
insert into ships values('Haruna',1916,'Kongo');
insert into ships values('Hiei',1914,'Kongo');
insert into ships values('Iowa',1943,'Iowa');
insert into ships values('Kirishima',1915,'Kongo');
insert into ships values('Kongo',1913,'Kongo');
insert into ships values('Missouri',1944,'Iowa');
insert into ships values('Musashi',1942,'Yamato');
insert into ships values('New Jersey',1943,'Iowa');
insert into ships values('North Carolina',1941,'North Carolina');
insert into ships values('Ramillies',1917,'Revenge');
insert into ships values('Renown',1916,'Renown');
insert into ships values('Repulse',1916,'Renown');
insert into ships values('Resolution',1916,'Renown');
insert into ships values('Revenge',1916,'Revenge');
insert into ships values('Royal Oak',1916,'Revenge');
insert into ships values('Royal Sovereign',1916,'Revenge');
insert into ships values('Tennessee',1920,'Tennessee');
insert into ships values('Washington',1941,'North Carolina');
insert into ships values('Wisconsin',1944,'Iowa');
insert into ships values('Yamato',1941,'Yamato');
insert into ships values('South Dakota',1941,'North Carolina') ;





----Outcomes------------------------------------------------------------------------------------------------------------------------------------------------------------------------------------------------------------------------------------------------------------
insert into outcomes values('Bismarck','sunk','North Atlantic');
insert into outcomes values('California','OK','Surigao Strait');
insert into outcomes values('Duke of York','OK','North Cape');
insert into outcomes values('Fuso','sunk','Surigao Strait');
insert into outcomes values('Hood','sunk','North Atlantic');
insert into outcomes values('King George V','OK','North Atlantic');
insert into outcomes values('Kirishima','sunk','Guadalcanal');
insert into outcomes values('Prince of Wales','damaged','North Atlantic');
insert into outcomes values('Rodney','OK','North Atlantic');
insert into outcomes values('Schamhorst','sunk','North Cape');
insert into outcomes values('South Dakota','damaged','Guadalcanal');
insert into outcomes values('Tennessee','OK','Surigao Strait');
insert into outcomes values('Washington','OK','Guadalcanal');
insert into outcomes values('West Virginia','OK','Surigao Strait');
insert into outcomes values('Yamashiro','sunk','Surigao Strait');
